,,,,,,,,,,,,,,,
,,,,,,,,,,,,,,,
,,,,,,,,,,,,,,,
Total Super Group View,,,,,,,,,,,,,,,
Go back to report,,,,,,,,,,,,,,,
,,,,,,,,,,,,,,,
"4 Facts of MINERAL WATER (FLAVOURED), ALL BRAND, ALL ITEM in Engen - (FMCG), SA Scan FC - (FMCG) during Latest 52 Wks - w/e 29/09/24",,,,,,,,,,,,,,,
,,,,,,,,,,,,,,,
,,,Sales Value,Sales Value,Sales Value % Chg YA,Sales Value % Chg YA,Share of Trade in Sales Value - Market,Share of Trade in Sales Value - Market,Share of Trade in Sales Value Chg YA - Market,Share of Trade in Sales Value Chg YA - Market,,,,,
CATEGORY,BRAND,ITEM,Engen - (FMCG),SA Scan FC - (FMCG),Engen - (FMCG),SA Scan FC - (FMCG),Engen - (FMCG),SA Scan FC - (FMCG),Engen - (FMCG),SA Scan FC - (FMCG),,,,,
MINERAL WATER (FLAVOURED),,,"R70,592,723","R275,764,611",32.7%,21.4%,25.6%,100.0%,2.2,0.0,,,,,
MINERAL WATER (FLAVOURED),BONAQUA (COCA COLA COMPANY),,"R54,393,348","R150,838,694",31.1%,24.2%,36.1%,100.0%,1.9,0.0,,,,,
MINERAL WATER (FLAVOURED),BONAQUA (COCA COLA COMPANY),BONAQUA NOT CARBONATED LEMON 750 ML 1,"R17,423,458","R52,793,195",35.6%,32.0%,33.0%,100.0%,0.9,0.0,,,,,
MINERAL WATER (FLAVOURED),BONAQUA (COCA COLA COMPANY),BONAQUA NOT CARBONATED BERRY 750 ML 1,"R15,838,054","R45,246,648",30.3%,28.6%,35.0%,100.0%,0.5,0.0,,,,,
MINERAL WATER (FLAVOURED),BONAQUA (COCA COLA COMPANY),BONAQUA NOT CARBONATED PEACH 750 ML 1,"R13,497,234","R36,804,541",21.6%,14.5%,36.7%,100.0%,2.2,0.0,,,,,
MINERAL WATER (FLAVOURED),QUICKSHOP & CO,,"R13,039,335","R13,039,335",41.3%,41.3%,100.0%,100.0%,0.0,0.0,,,,,
MINERAL WATER (FLAVOURED),QUICKSHOP & CO,QUICKSHOP & CO CARBONATED VERY BERRY 500 ML 1,"R3,954,331","R3,954,331",7.5%,7.5%,100.0%,100.0%,0.0,0.0,,,,,
MINERAL WATER (FLAVOURED),QUICKSHOP & CO,QUICKSHOP & CO CARBONATED NAARTJIE 500 ML 1,"R3,305,828","R3,305,828",80.1%,80.1%,100.0%,100.0%,0.0,0.0,,,,,
MINERAL WATER (FLAVOURED),QUICKSHOP & CO,QUICKSHOP & CO CARBONATED LEMON & LIME 500 ML 1,"R2,474,690","R2,474,690",,,100.0%,100.0%,100.0,100.0,,,,,
MINERAL WATER (FLAVOURED),OSHEE,,"R2,362,432","R2,901,378",74.3%,76.5%,81.4%,100.0%,(1.0),0.0,,,,,
MINERAL WATER (FLAVOURED),QUICKSHOP & CO,QUICKSHOP & CO CARBONATED APPLE & LITCHI 500 ML 1,"R2,127,342","R2,127,342",,,100.0%,100.0%,100.0,100.0,,,,,
MINERAL WATER (FLAVOURED),BONAQUA (COCA COLA COMPANY),BONAQUA CARBONATED STRAWBERRY 500 ML 1,"R1,892,757","R4,062,437",16.1%,8.9%,46.6%,100.0%,2.9,0.0,,,,,
MINERAL WATER (FLAVOURED),BONAQUA (COCA COLA COMPANY),BONAQUA CARBONATED LITCHI 500 ML 1,"R1,862,958","R3,783,503",14.5%,6.7%,49.2%,100.0%,3.3,0.0,,,,,
MINERAL WATER (FLAVOURED),BONAQUA (COCA COLA COMPANY),BONAQUA CARBONATED STRAWBERRY 1500 ML 1,"R1,544,604","R2,778,589",90.6%,54.1%,55.6%,100.0%,10.6,0.0,,,,,
MINERAL WATER (FLAVOURED),BONAQUA (COCA COLA COMPANY),BONAQUA CARBONATED LITCHI 1500 ML 1,"R1,278,288","R2,539,371",69.2%,40.8%,50.3%,100.0%,8.4,0.0,,,,,
MINERAL WATER (FLAVOURED),QUICKSHOP & CO,QUICKSHOP & CO NOT CARBONATED LEMON & LIME 500 ML 1,"R1,177,144","R1,177,144",(68.3)%,(68.3)%,100.0%,100.0%,0.0,0.0,,,,,
MINERAL WATER (FLAVOURED),OSHEE,OSHEE NOT CARBONATED RED GRAPE 555 ML 1,"R1,014,789","R1,237,214",70.4%,67.5%,82.0%,100.0%,1.4,0.0,,,,,
MINERAL WATER (FLAVOURED),BONAQUA (COCA COLA COMPANY),BONAQUA CARBONATED NAARTJIE 500 ML 1,"R902,867","R2,398,917",,51.7%,37.6%,100.0%,37.6,0.0,,,,,
MINERAL WATER (FLAVOURED),OSHEE,OSHEE NOT CARBONATED LEMON & ORANGE 555 ML 1,"R766,278","R910,142",65.5%,65.3%,84.2%,100.0%,0.1,0.0,,,,,
MINERAL WATER (FLAVOURED),OSHEE,OSHEE NOT CARBONATED POMEGRANATE & LEMON & OTHER FRUIT 555 ML 1,"R553,433","R618,506",89.6%,94.6%,89.5%,100.0%,(2.4),0.0,,,,,
MINERAL WATER (FLAVOURED),AQUELLE (CREDSCAN),,"R312,012","R102,007,380",(37.7)%,13.9%,0.3%,100.0%,(0.3),0.0,,,,,
MINERAL WATER (FLAVOURED),TSITSIKAMMA CRYSTAL,,"R261,553","R457,742",5.8%,6.5%,57.1%,100.0%,(0.4),0.0,,,,,
MINERAL WATER (FLAVOURED),BONAQUA (COCA COLA COMPANY),BONAQUA CARBONATED NAARTJIE 1500 ML 1,"R130,666","R323,729",(71.2)%,(73.9)%,40.4%,100.0%,3.9,0.0,,,,,
MINERAL WATER (FLAVOURED),SELTZER (SELTZER DRINKS),,"R122,132","R316,240",(66.8)%,(53.6)%,38.6%,100.0%,(15.4),0.0,,,,,
MINERAL WATER (FLAVOURED),TSITSIKAMMA CRYSTAL,TSITSIKAMMA CRYSTAL CARBONATED NAARTJIE 500 ML 1,"R69,787","R88,170",9.2%,(1.4)%,79.2%,100.0%,7.7,0.0,,,,,
MINERAL WATER (FLAVOURED),TSITSIKAMMA CRYSTAL,TSITSIKAMMA CRYSTAL CARBONATED LITCHI 500 ML 1,"R67,364","R111,460",12.4%,11.1%,60.4%,100.0%,0.7,0.0,,,,,
MINERAL WATER (FLAVOURED),AQUELLE (CREDSCAN),AQUELLE CARBONATED LITCHI 500 ML 1,"R50,536","R10,791,897",(24.8)%,12.2%,0.5%,100.0%,(0.2),0.0,,,,,
MINERAL WATER (FLAVOURED),TSITSIKAMMA CRYSTAL,TSITSIKAMMA CRYSTAL CARBONATED BERRY 500 ML 1,"R50,412","R94,675",(6.1)%,(0.1)%,53.2%,100.0%,(3.4),0.0,,,,,
MINERAL WATER (FLAVOURED),TSITSIKAMMA CRYSTAL,TSITSIKAMMA CRYSTAL CARBONATED LEMON 500 ML 1,"R47,535","R67,080",3.0%,(1.9)%,70.9%,100.0%,3.4,0.0,,,,,
MINERAL WATER (FLAVOURED),AQUELLE (CREDSCAN),AQUELLE CARBONATED NAARTJIE 500 ML 1,"R38,889","R8,975,359",(29.2)%,8.8%,0.4%,100.0%,(0.2),0.0,,,,,
MINERAL WATER (FLAVOURED),WATERBERG,,"R38,850","R117,709",597.6%,4.8%,33.0%,100.0%,28.0,0.0,,,,,
MINERAL WATER (FLAVOURED),AQUELLE (CREDSCAN),AQUELLE CARBONATED STRAWBERRY 500 ML 1,"R34,103","R8,775,462",(27.8)%,12.6%,0.4%,100.0%,(0.2),0.0,,,,,
MINERAL WATER (FLAVOURED),SELTZER (SELTZER DRINKS),SELTZER CARBONATED CRANBERRY & RASPBERRY 500 ML 1,"R33,769","R58,395",(60.1)%,(59.3)%,57.8%,100.0%,(1.1),0.0,,,,,
MINERAL WATER (FLAVOURED),SELTZER (SELTZER DRINKS),SELTZER CARBONATED PASSION FRUIT 500 ML 1,"R30,308","R78,309",(60.6)%,(37.7)%,38.7%,100.0%,(22.5),0.0,,,,,
MINERAL WATER (FLAVOURED),THIRSTI,,"R29,484","R2,721,277",,233.1%,1.1%,100.0%,1.1,0.0,,,,,
MINERAL WATER (FLAVOURED),AQUELLE (CREDSCAN),AQUELLE CARBONATED LEMON 500 ML 1,"R27,462","R7,289,931",(40.1)%,8.6%,0.4%,100.0%,(0.3),0.0,,,,,
MINERAL WATER (FLAVOURED),TSITSIKAMMA CRYSTAL,TSITSIKAMMA CRYSTAL CARBONATED MARULA 500 ML 1,"R26,455","R50,051",12.7%,34.3%,52.9%,100.0%,(10.1),0.0,,,,,
MINERAL WATER (FLAVOURED),AQUELLE (CREDSCAN),AQUELLE CARBONATED WATERMELON 500 ML 1,"R26,146","R6,165,956",(32.7)%,9.4%,0.4%,100.0%,(0.3),0.0,,,,,
MINERAL WATER (FLAVOURED),OSHEE,OSHEE NOT CARBONATED LEMON & LIME 555 ML 1,"R24,782","R97,438",,209.7%,25.4%,100.0%,25.4,0.0,,,,,
MINERAL WATER (FLAVOURED),AQUELLE (CREDSCAN),AQUELLE CARBONATED MARULA 500 ML 1,"R24,683","R4,235,903",(31.2)%,10.8%,0.6%,100.0%,(0.4),0.0,,,,,
MINERAL WATER (FLAVOURED),SPARKLING ICE (TALKING RAIN BEVERAGE),,"R24,490","R102,837",,25.5%,23.8%,100.0%,23.8,0.0,,,,,
MINERAL WATER (FLAVOURED),SELTZER (SELTZER DRINKS),SELTZER CARBONATED LEMON & LIME 500 ML 1,"R24,462","R54,927",(61.0)%,(53.5)%,44.5%,100.0%,(8.6),0.0,,,,,
MINERAL WATER (FLAVOURED),AQUELLE (CREDSCAN),AQUELLE CARBONATED GRANADILLA 500 ML 1,"R22,998","R8,765,771",(25.7)%,15.1%,0.3%,100.0%,(0.1),0.0,,,,,
MINERAL WATER (FLAVOURED),WATERBERG,WATERBERG CARBONATED BERRIES 330 ML 1,"R20,952","R20,952",,,100.0%,100.0%,100.0,100.0,,,,,
MINERAL WATER (FLAVOURED),AQUELLE (CREDSCAN),AQUELLE CARBONATED PINEAPPLE 500 ML 1,"R20,178","R6,188,358",(16.3)%,14.5%,0.3%,100.0%,(0.1),0.0,,,,,
MINERAL WATER (FLAVOURED),BONAQUA (COCA COLA COMPANY),BONAQUA CARBONATED WATERMELON 500 ML 1,"R19,912","R41,004",(64.7)%,(75.5)%,48.6%,100.0%,14.8,0.0,,,,,
MINERAL WATER (FLAVOURED),AQUELLE (CREDSCAN),AQUELLE CARBONATED HONEY & MELON 500 ML 1,"R17,697","R4,455,784",(54.0)%,16.2%,0.4%,100.0%,(0.6),0.0,,,,,
MINERAL WATER (FLAVOURED),SELTZER (SELTZER DRINKS),SELTZER CARBONATED NAARTJIE 500 ML 1,"R17,363","R28,362",(66.0)%,(63.7)%,61.2%,100.0%,(4.3),0.0,,,,,
MINERAL WATER (FLAVOURED),THIRSTI,THIRSTI CARBONATED BERRY 500 ML 1,"R16,803","R501,908",,205.9%,3.3%,100.0%,3.3,0.0,,,,,
MINERAL WATER (FLAVOURED),WATERBERG,WATERBERG CARBONATED ICE 500 ML 1,"R14,978","R14,978",880.9%,880.9%,100.0%,100.0%,0.0,0.0,,,,,
MINERAL WATER (FLAVOURED),THIRSTI,THIRSTI CARBONATED LITCHI 500 ML 1,"R12,681","R470,812",,227.4%,2.7%,100.0%,2.7,0.0,,,,,
MINERAL WATER (FLAVOURED),AQUELLE (CREDSCAN),AQUELLE CARBONATED LEMON 1500 ML 1,"R11,516","R3,476,891",8.9%,11.2%,0.3%,100.0%,(0.0),0.0,,,,,
MINERAL WATER (FLAVOURED),SELTZER (SELTZER DRINKS),SELTZER CARBONATED PEACH 500 ML 1,"R11,505","R37,285",(76.9)%,(64.5)%,30.9%,100.0%,(16.6),0.0,,,,,
MINERAL WATER (FLAVOURED),AQUELLE (CREDSCAN),AQUELLE CARBONATED APPLE 500 ML 1,"R10,097","R3,768,638",(36.4)%,13.4%,0.3%,100.0%,(0.2),0.0,,,,,
MINERAL WATER (FLAVOURED),AQUELLE (CREDSCAN),AQUELLE CARBONATED YOUNGBERRY 500 ML 1,"R8,580","R8,580",(21.0)%,(21.0)%,100.0%,100.0%,0.0,0.0,,,,,
MINERAL WATER (FLAVOURED),SPARKLING ICE (TALKING RAIN BEVERAGE),SPARKLING ICE CARBONATED BLACK RASPBERRY 502.80 ML 1,"R6,081","R20,697",,39.9%,29.4%,100.0%,29.4,0.0,,,,,
MINERAL WATER (FLAVOURED),SPARKLING ICE (TALKING RAIN BEVERAGE),SPARKLING ICE CARBONATED COCONUT & PINEAPPLE 502.80 ML 1,"R6,020","R14,578",,129.8%,41.3%,100.0%,41.3,0.0,,,,,
MINERAL WATER (FLAVOURED),AQUELLE (CREDSCAN),AQUELLE CARBONATED LITCHI 1500 ML 1,"R5,944","R5,631,528",(56.7)%,18.0%,0.1%,100.0%,(0.2),0.0,,,,,
MINERAL WATER (FLAVOURED),SPARKLING ICE (TALKING RAIN BEVERAGE),SPARKLING ICE CARBONATED PEACH & NECTARINE 502.80 ML 1,"R5,873","R13,638",,183.5%,43.1%,100.0%,43.1,0.0,,,,,
MINERAL WATER (FLAVOURED),SELTZER (SELTZER DRINKS),SELTZER CARBONATED STRAWBERRY & LIME 500 ML 1,"R4,725","R47,122",(88.9)%,(50.1)%,10.0%,100.0%,(35.2),0.0,,,,,
MINERAL WATER (FLAVOURED),TURBOVITE,,"R3,892","R29,032",24.2%,(19.6)%,13.4%,100.0%,4.7,0.0,,,,,
MINERAL WATER (FLAVOURED),TURBOVITE,TURBOVITE CARBONATED LEMON & LIME 500 ML 1,"R3,857","R13,862",98.9%,(20.9)%,27.8%,100.0%,16.8,0.0,,,,,
MINERAL WATER (FLAVOURED),AQUELLE (CREDSCAN),AQUELLE CARBONATED STRAWBERRY 1500 ML 1,"R3,501","R4,850,479",(73.3)%,12.8%,0.1%,100.0%,(0.2),0.0,,,,,
MINERAL WATER (FLAVOURED),SPARKLING ICE (TALKING RAIN BEVERAGE),SPARKLING ICE CARBONATED BLACK CHERRY 502.8 ML 1,"R3,347","R7,551",,7.6%,44.3%,100.0%,44.3,0.0,,,,,
MINERAL WATER (FLAVOURED),VACHERON,,"R3,179","R3,179",(42.1)%,(42.1)%,100.0%,100.0%,0.0,0.0,,,,,
MINERAL WATER (FLAVOURED),OSHEE,OSHEE NOT CARBONATED LEMON & MINT 555 ML 1,"R3,150","R3,150",(33.1)%,(33.1)%,100.0%,100.0%,0.0,0.0,,,,,
MINERAL WATER (FLAVOURED),AQUELLE (CREDSCAN),AQUELLE CARBONATED NAARTJIE 1500 ML 1,"R2,948","R4,714,562",(77.0)%,11.9%,0.1%,100.0%,(0.2),0.0,,,,,
MINERAL WATER (FLAVOURED),AQUELLE (CREDSCAN),AQUELLE CARBONATED HONEY & MELON 1500 ML 1,"R2,220","R2,462,701",(69.0)%,17.8%,0.1%,100.0%,(0.3),0.0,,,,,
MINERAL WATER (FLAVOURED),VACHERON,VACHERON NOT CARBONATED BLUEBERRY 500 ML 1,"R2,068","R2,068",(34.2)%,(34.2)%,100.0%,100.0%,0.0,0.0,,,,,
MINERAL WATER (FLAVOURED),SPARKLING ICE (TALKING RAIN BEVERAGE),SPARKLING ICE CARBONATED LEMON & LIME 502.80 ML 1,"R1,948","R5,543",,127.6%,35.1%,100.0%,35.1,0.0,,,,,
MINERAL WATER (FLAVOURED),AQUELLE (CREDSCAN),AQUELLE CARBONATED PINEAPPLE 1500 ML 1,"R1,463","R2,643,404",(38.4)%,9.8%,0.1%,100.0%,(0.0),0.0,,,,,
MINERAL WATER (FLAVOURED),AQUELLE (CREDSCAN),AQUELLE CARBONATED GRANADILLA 1500 ML 1,"R1,295","R3,411,715",(88.8)%,34.0%,0.0%,100.0%,(0.4),0.0,,,,,
MINERAL WATER (FLAVOURED),WATERBERG,WATERBERG CARBONATED PEACH & APRICOT 500 ML 1,"R1,232","R13,037",4.7%,(19.0)%,9.4%,100.0%,2.1,0.0,,,,,
MINERAL WATER (FLAVOURED),WATERBERG,WATERBERG CARBONATED KIWI & LIME 500 ML 1,"R1,181","R18,601",(13.6)%,(5.2)%,6.3%,100.0%,(0.6),0.0,,,,,
MINERAL WATER (FLAVOURED),AQUELLE (CREDSCAN),AQUELLE CARBONATED WATERMELON 1500 ML 1,"R1,155","R2,122,738",(81.8)%,37.9%,0.1%,100.0%,(0.4),0.0,,,,,
MINERAL WATER (FLAVOURED),SPARKLING ICE (TALKING RAIN BEVERAGE),SPARKLING ICE CARBONATED ORANGE & MANGO 502.80 ML 1,"R1,090","R9,026",,106.9%,12.1%,100.0%,12.1,0.0,,,,,
MINERAL WATER (FLAVOURED),VACHERON,VACHERON NOT CARBONATED RED BERRY 500 ML 1,"R1,045","R1,045",(53.4)%,(53.4)%,100.0%,100.0%,0.0,0.0,,,,,
MINERAL WATER (FLAVOURED),BONAQUA (COCA COLA COMPANY),BONAQUA CARBONATED PINEAPPLE 500 ML 1,R881,"R3,468",(98.0)%,(96.9)%,25.4%,100.0%,(13.6),0.0,,,,,
MINERAL WATER (FLAVOURED),BONAQUA (COCA COLA COMPANY),BONAQUA CARBONATED APPLE & MINT 500 ML 1,R879,R879,450.0%,280.8%,100.0%,100.0%,30.8,0.0,,,,,
MINERAL WATER (FLAVOURED),JUST WATER (JUST GOODS),,R836,"R6,266",(87.4)%,(39.9)%,13.3%,100.0%,(50.2),0.0,,,,,
MINERAL WATER (FLAVOURED),BONAQUA (COCA COLA COMPANY),BONAQUA CARBONATED LEMON & LIME 500 ML 1,R791,R936,809.3%,875.6%,84.5%,100.0%,(6.2),0.0,,,,,
MINERAL WATER (FLAVOURED),AQUARTZ (CLOVER),,R614,"R8,512",(88.9)%,(37.5)%,7.2%,100.0%,(33.2),0.0,,,,,
MINERAL WATER (FLAVOURED),AQUARTZ (CLOVER),AQUARTZ CARBONATED LITCHI 500 ML 1,R614,R622,(88.9)%,(88.7)%,98.7%,100.0%,(1.3),0.0,,,,,
MINERAL WATER (FLAVOURED),OASIS (OASIS WATER),,R530,"R96,101",,(6.8)%,0.6%,100.0%,0.6,0.0,,,,,
MINERAL WATER (FLAVOURED),WATERBERG,WATERBERG CARBONATED SPRITZER ICE 500 ML 1,R493,"R8,965",(67.1)%,(19.6)%,5.5%,100.0%,(8.0),0.0,,,,,
MINERAL WATER (FLAVOURED),OASIS (OASIS WATER),OASIS CARBONATED LEMON & LIME 500 ML 1,R360,"R19,234",,(24.0)%,1.9%,100.0%,1.9,0.0,,,,,
MINERAL WATER (FLAVOURED),AQUELLE (CREDSCAN),AQUELLE CARBONATED MARULA 1500 ML 1,R355,"R2,031,023",(94.7)%,33.0%,0.0%,100.0%,(0.4),0.0,,,,,
MINERAL WATER (FLAVOURED),JUST WATER (JUST GOODS),JUST WATER CARBONATED APPLE 330 ML 1,R306,R306,(63.5)%,(63.5)%,100.0%,100.0%,0.0,0.0,,,,,
MINERAL WATER (FLAVOURED),JUST WATER (JUST GOODS),JUST WATER CARBONATED STRAWBERRY 330 ML 1,R306,R306,(66.2)%,(66.2)%,100.0%,100.0%,0.0,0.0,,,,,
MINERAL WATER (FLAVOURED),AQUELLE (CREDSCAN),AQUELLE CARBONATED APPLE 1500 ML 1,R246,"R1,008,211",(93.1)%,22.0%,0.0%,100.0%,(0.4),0.0,,,,,
MINERAL WATER (FLAVOURED),JUST WATER (JUST GOODS),JUST WATER CARBONATED NAARTJIE 330 ML 1,R224,R224,(73.8)%,(73.8)%,100.0%,100.0%,0.0,0.0,,,,,
MINERAL WATER (FLAVOURED),SPARKLING ICE (TALKING RAIN BEVERAGE),SPARKLING ICE CARBONATED STRAWBERRY & WATERMELON 502.80 ML 1,R133,"R8,246",,8.9%,1.6%,100.0%,1.6,0.0,,,,,
MINERAL WATER (FLAVOURED),OASIS (OASIS WATER),OASIS CARBONATED STRAWBERRY 500 ML 1,R70,"R18,668",,(2.8)%,0.4%,100.0%,0.4,0.0,,,,,
MINERAL WATER (FLAVOURED),VACHERON,VACHERON NOT CARBONATED TROPICAL 500 ML 1,R66,R66,(36.0)%,(36.0)%,100.0%,100.0%,0.0,0.0,,,,,
MINERAL WATER (FLAVOURED),OASIS (OASIS WATER),OASIS CARBONATED NAARTJIE 500 ML 1,R60,"R3,950",,(77.6)%,1.5%,100.0%,1.5,0.0,,,,,
MINERAL WATER (FLAVOURED),OASIS (OASIS WATER),OASIS CARBONATED LITCHI 500 ML 1,R40,"R3,542",,(66.0)%,1.1%,100.0%,1.1,0.0,,,,,
MINERAL WATER (FLAVOURED),TURBOVITE,TURBOVITE CARBONATED COCOGRAPE 500 ML 1,R36,R110,(80.0)%,(85.0)%,32.1%,100.0%,8.0,0.0,,,,,
MINERAL WATER (FLAVOURED),GLACEAU VITAMINWATER,,R35,"R1,132,591",75.9%,(10.0)%,0.0%,100.0%,0.0,0.0,,,,,
MINERAL WATER (FLAVOURED),GLACEAU VITAMINWATER,GLACEAU VITAMINWATER NOT CARBONATED DRAGONFRUIT 500 ML 1,R18,"R368,049",,(5.1)%,0.0%,100.0%,0.0,0.0,,,,,
MINERAL WATER (FLAVOURED),GLACEAU VITAMINWATER,GLACEAU VITAMINWATER NOT CARBONATED FRUIT PUNCH 500 ML 1,R17,R17,,,100.0%,100.0%,100.0,100.0,,,,,
MINERAL WATER (FLAVOURED),WATERBERG,WATERBERG CARBONATED GINGER BEER 500 ML 1,R15,R15,,,100.0%,100.0%,100.0,100.0,,,,,
MINERAL WATER (FLAVOURED),A1 (A1),,,"R35,009",,(49.0)%,,100.0%,,0.0,,,,,
MINERAL WATER (FLAVOURED),A1 (A1),A1 CARBONATED MANDARIN 300 ML 1,,"R35,009",,(49.0)%,,100.0%,,0.0,,,,,
MINERAL WATER (FLAVOURED),AQUA KIDZ,,,"R9,033",,(31.1)%,,100.0%,,0.0,,,,,
MINERAL WATER (FLAVOURED),AQUA KIDZ,AQUA KIDZ NOT CARBONATED STRAWBERRY & BANANA 246 ML 1,,"R9,033",,(31.1)%,,100.0%,,0.0,,,,,
MINERAL WATER (FLAVOURED),AQUA RUSH (AQUA RUSH),,,,,(100.0)%,,,,(100.0),,,,,
MINERAL WATER (FLAVOURED),AQUA RUSH (AQUA RUSH),AQUA RUSH NOT CARBONATED 500 ML 1,,,,(100.0)%,,,,(100.0),,,,,
MINERAL WATER (FLAVOURED),AQUAFRIA,,,"R41,545",,950.4%,,100.0%,,0.0,,,,,
MINERAL WATER (FLAVOURED),AQUAFRIA,AQUAFRIA NOT CARBONATED APPLE & MINT 500 ML 1,,"R12,200",,"1,078.7%",,100.0%,,0.0,,,,,
MINERAL WATER (FLAVOURED),AQUAFRIA,AQUAFRIA NOT CARBONATED LEMON & LIME 500 ML 1,,"R10,415",,979.3%,,100.0%,,0.0,,,,,
MINERAL WATER (FLAVOURED),AQUAFRIA,AQUAFRIA NOT CARBONATED RASPBERRY 500 ML 1,,"R18,930",,868.3%,,100.0%,,0.0,,,,,
MINERAL WATER (FLAVOURED),AQUARTZ (CLOVER),AQUARTZ CARBONATED PEACH & PASSION FRUIT 500 ML 1,,"R7,890",,(2.7)%,,100.0%,,0.0,,,,,
MINERAL WATER (FLAVOURED),AQUELLE (CREDSCAN),AQUELLE CARBONATED APPLE 500 ML 6,,R728,,35.8%,,100.0%,,0.0,,,,,
MINERAL WATER (FLAVOURED),AQUELLE (CREDSCAN),AQUELLE CARBONATED GRANADILLA 500 ML 6,,R200,,(50.8)%,,100.0%,,0.0,,,,,
MINERAL WATER (FLAVOURED),AQUELLE (CREDSCAN),AQUELLE CARBONATED LEMON 500 ML 6,,R64,,(80.1)%,,100.0%,,0.0,,,,,
MINERAL WATER (FLAVOURED),AQUELLE (CREDSCAN),AQUELLE CARBONATED LITCHI 500 ML 6,,R392,,39.9%,,100.0%,,0.0,,,,,
MINERAL WATER (FLAVOURED),AQUELLE (CREDSCAN),AQUELLE CARBONATED NAARTJIE 500 ML 6,,R456,,(32.1)%,,100.0%,,0.0,,,,,
MINERAL WATER (FLAVOURED),AQUELLE (CREDSCAN),AQUELLE CARBONATED PEACH 1500 ML 1,,"R1,269",,700.8%,,100.0%,,0.0,,,,,
MINERAL WATER (FLAVOURED),AQUELLE (CREDSCAN),AQUELLE CARBONATED PEACH 500 ML 1,,,,(100.0)%,,,,(100.0),,,,,
MINERAL WATER (FLAVOURED),AQUELLE (CREDSCAN),AQUELLE CARBONATED PINEAPPLE 1500 ML 6,,R278,,147.1%,,100.0%,,0.0,,,,,
MINERAL WATER (FLAVOURED),AQUELLE (CREDSCAN),AQUELLE CARBONATED PINEAPPLE 500 ML 6,,R269,,105.6%,,100.0%,,0.0,,,,,
MINERAL WATER (FLAVOURED),AQUELLE (CREDSCAN),AQUELLE CARBONATED STRAWBERRY 1500 ML 6,,,,(100.0)%,,,,(100.0),,,,,
MINERAL WATER (FLAVOURED),AQUELLE (CREDSCAN),AQUELLE CARBONATED STRAWBERRY 500 ML 6,,R128,,(89.5)%,,100.0%,,0.0,,,,,
MINERAL WATER (FLAVOURED),AQUELLE (CREDSCAN),AQUELLE CARBONATED WATERMELON 500 ML 6,,"R1,498",,62.1%,,100.0%,,0.0,,,,,
MINERAL WATER (FLAVOURED),AQUELLE (CREDSCAN),AQUELLE CARBONATED YOUNGBERRY 1500 ML 1,,"R6,643",,669.5%,,100.0%,,0.0,,,,,
MINERAL WATER (FLAVOURED),AQUELLE (CREDSCAN),AQUELLE NOT CARBONATED APPLE 500 ML 1,,"R86,864",(100.0)%,6.2%,,100.0%,(2.9),0.0,,,,,
MINERAL WATER (FLAVOURED),AQUELLE (CREDSCAN),AQUELLE NOT CARBONATED ORANGE 500 ML 1,,"R37,730",,4.4%,,100.0%,,0.0,,,,,
MINERAL WATER (FLAVOURED),AQUELLE (CREDSCAN),AQUELLE NOT CARBONATED RASPBERRY 500 ML 1,,"R95,930",,(0.9)%,,100.0%,,0.0,,,,,
MINERAL WATER (FLAVOURED),AQUELLE (CREDSCAN),AQUELLE NOT CARBONATED RASPBERRY 500 ML 6,,R39,,,,100.0%,,100.0,,,,,
MINERAL WATER (FLAVOURED),BENE (THE BENE),,,R601,,(78.4)%,,100.0%,,0.0,,,,,
MINERAL WATER (FLAVOURED),BENE (THE BENE),BENE CARBONATED LEMON 500 ML 1,,,,(100.0)%,,,,(100.0),,,,,
MINERAL WATER (FLAVOURED),BENE (THE BENE),BENE CARBONATED PASSION FRUIT 1000 ML 1,,R412,,(59.9)%,,100.0%,,0.0,,,,,
MINERAL WATER (FLAVOURED),BENE (THE BENE),BENE CARBONATED PASSION FRUIT 500 ML 1,,R40,,(93.9)%,,100.0%,,0.0,,,,,
MINERAL WATER (FLAVOURED),BENE (THE BENE),BENE CARBONATED STRAWBERRY 1000 ML 1,,R148,,(62.8)%,,100.0%,,0.0,,,,,
MINERAL WATER (FLAVOURED),BENE (THE BENE),BENE CARBONATED STRAWBERRY 500 ML 1,,,,(100.0)%,,,,(100.0),,,,,
MINERAL WATER (FLAVOURED),BONAQUA (COCA COLA COMPANY),BONAQUA CARBONATED APPLE & CRANBERRY 500 ML 1,,"R53,516",,(25.1)%,,100.0%,,0.0,,,,,
MINERAL WATER (FLAVOURED),BONAQUA (COCA COLA COMPANY),BONAQUA CARBONATED APPLE & MINT 1500 ML 1,,R31,(100.0)%,(98.9)%,,100.0%,(98.8),0.0,,,,,
MINERAL WATER (FLAVOURED),BONAQUA (COCA COLA COMPANY),BONAQUA CARBONATED LEMON & LIME 1500 ML 1,,R20,(100.0)%,(98.9)%,,100.0%,(97.1),0.0,,,,,
MINERAL WATER (FLAVOURED),BONAQUA (COCA COLA COMPANY),BONAQUA CARBONATED LITCHI 500 ML 6,,R67,,1.5%,,100.0%,,0.0,,,,,
MINERAL WATER (FLAVOURED),BONAQUA (COCA COLA COMPANY),BONAQUA CARBONATED NAARTJIE 500 ML 6,,R67,,1.5%,,100.0%,,0.0,,,,,
MINERAL WATER (FLAVOURED),BONAQUA (COCA COLA COMPANY),BONAQUA CARBONATED ORANGE 500 ML 1,,R603,,(59.4)%,,100.0%,,0.0,,,,,
MINERAL WATER (FLAVOURED),BONAQUA (COCA COLA COMPANY),BONAQUA CARBONATED STRAWBERRY 500 ML 6,,R84,,31.3%,,100.0%,,0.0,,,,,
MINERAL WATER (FLAVOURED),BONAQUA (COCA COLA COMPANY),BONAQUA NOT CARBONATED BERRY 750 ML 24,,,,(100.0)%,,,,(100.0),,,,,
MINERAL WATER (FLAVOURED),BONAQUA (COCA COLA COMPANY),BONAQUA NOT CARBONATED BERRY 750 ML 6,,"R2,581",,(55.8)%,,100.0%,,0.0,,,,,
MINERAL WATER (FLAVOURED),BONAQUA (COCA COLA COMPANY),BONAQUA NOT CARBONATED LEMON 750 ML 6,,"R2,873",,(50.4)%,,100.0%,,0.0,,,,,
MINERAL WATER (FLAVOURED),BONAQUA (COCA COLA COMPANY),BONAQUA NOT CARBONATED PEACH 750 ML 6,,"R1,638",,(72.8)%,,100.0%,,0.0,,,,,
MINERAL WATER (FLAVOURED),CANNABIS (CROMPTONS),,,"R737,866",,141.6%,,100.0%,,0.0,,,,,
MINERAL WATER (FLAVOURED),CANNABIS (CROMPTONS),CROMPTONS NOT CARBONATED GINGER & LITCHI 500 ML 1,,"R253,947",,149.4%,,100.0%,,0.0,,,,,
MINERAL WATER (FLAVOURED),CANNABIS (CROMPTONS),CROMPTONS NOT CARBONATED PEACH & MANGO 500 ML 1,,"R234,209",,138.1%,,100.0%,,0.0,,,,,
MINERAL WATER (FLAVOURED),CANNABIS (CROMPTONS),CROMPTONS NOT CARBONATED WATERMELON 500 ML 1,,"R249,710",,137.3%,,100.0%,,0.0,,,,,
MINERAL WATER (FLAVOURED),CAPE AQUA,,,"R10,538",,12.1%,,100.0%,,0.0,,,,,
MINERAL WATER (FLAVOURED),CAPE AQUA,CAPE AQUA CARBONATED COCONUT & KIWI 330 ML 1,,"R6,784",,(9.9)%,,100.0%,,0.0,,,,,
MINERAL WATER (FLAVOURED),CAPE AQUA,CAPE AQUA CARBONATED GREEN APPLE 600 ML 1,,R589,,293.4%,,100.0%,,0.0,,,,,
MINERAL WATER (FLAVOURED),CAPE AQUA,CAPE AQUA CARBONATED LEMON & LIME 600 ML 1,,R758,,93.6%,,100.0%,,0.0,,,,,
MINERAL WATER (FLAVOURED),CAPE AQUA,CAPE AQUA CARBONATED LITCHI 600 ML 1,,R312,,212.0%,,100.0%,,0.0,,,,,
MINERAL WATER (FLAVOURED),CAPE AQUA,CAPE AQUA CARBONATED NAARTJIE 600 ML 1,,R551,,162.9%,,100.0%,,0.0,,,,,
MINERAL WATER (FLAVOURED),CAPE AQUA,CAPE AQUA CARBONATED PASSION FRUIT 600 ML 1,,R861,,70.0%,,100.0%,,0.0,,,,,
MINERAL WATER (FLAVOURED),CAPE AQUA,CAPE AQUA CARBONATED STRAWBERRY 600 ML 1,,R410,,41.5%,,100.0%,,0.0,,,,,
MINERAL WATER (FLAVOURED),CAPE AQUA,CAPE AQUA CARBONATED WATERMELON 600 ML 1,,R272,,23.6%,,100.0%,,0.0,,,,,
MINERAL WATER (FLAVOURED),CEDARBERG AQUA,,,"R125,236",,68.2%,,100.0%,,0.0,,,,,
MINERAL WATER (FLAVOURED),CEDARBERG AQUA,CEDARBERG AQUA CARBONATED BUCHU 1000 ML 1,,"R52,580",,58.4%,,100.0%,,0.0,,,,,
MINERAL WATER (FLAVOURED),CEDARBERG AQUA,CEDARBERG AQUA CARBONATED BUCHU 500 ML 1,,"R36,997",,124.1%,,100.0%,,0.0,,,,,
MINERAL WATER (FLAVOURED),CEDARBERG AQUA,CEDARBERG AQUA CARBONATED LEMON 1000 ML 1,,"R2,789",,136.1%,,100.0%,,0.0,,,,,
MINERAL WATER (FLAVOURED),CEDARBERG AQUA,CEDARBERG AQUA CARBONATED LEMON 500 ML 1,,"R1,205",,(47.0)%,,100.0%,,0.0,,,,,
MINERAL WATER (FLAVOURED),CEDARBERG AQUA,CEDARBERG AQUA CARBONATED LITCHI 1000 ML 1,,"R2,693",,102.3%,,100.0%,,0.0,,,,,
MINERAL WATER (FLAVOURED),CEDARBERG AQUA,CEDARBERG AQUA CARBONATED LITCHI 500 ML 1,,"R3,683",,376.7%,,100.0%,,0.0,,,,,
MINERAL WATER (FLAVOURED),CEDARBERG AQUA,CEDARBERG AQUA CARBONATED NAARTJIE 1000 ML 1,,"R2,710",,32.3%,,100.0%,,0.0,,,,,
MINERAL WATER (FLAVOURED),CEDARBERG AQUA,CEDARBERG AQUA CARBONATED NAARTJIE 500 ML 1,,"R5,136",,14.1%,,100.0%,,0.0,,,,,
MINERAL WATER (FLAVOURED),CEDARBERG AQUA,CEDARBERG AQUA CARBONATED PASSION FRUIT 1000 ML 1,,"R2,417",,57.1%,,100.0%,,0.0,,,,,
MINERAL WATER (FLAVOURED),CEDARBERG AQUA,CEDARBERG AQUA CARBONATED PASSION FRUIT 500 ML 1,,"R5,800",,55.1%,,100.0%,,0.0,,,,,
MINERAL WATER (FLAVOURED),CEDARBERG AQUA,CEDARBERG AQUA CARBONATED PINEAPPLE 1000 ML 1,,R789,,(56.5)%,,100.0%,,0.0,,,,,
MINERAL WATER (FLAVOURED),CEDARBERG AQUA,CEDARBERG AQUA CARBONATED PINEAPPLE 500 ML 1,,"R2,897",,38.9%,,100.0%,,0.0,,,,,
MINERAL WATER (FLAVOURED),CEDARBERG AQUA,CEDARBERG AQUA CARBONATED STRAWBERRY 1000 ML 1,,"R2,025",,173.4%,,100.0%,,0.0,,,,,
MINERAL WATER (FLAVOURED),CEDARBERG AQUA,CEDARBERG AQUA CARBONATED STRAWBERRY 500 ML 1,,"R3,516",,28.7%,,100.0%,,0.0,,,,,
MINERAL WATER (FLAVOURED),DOPE (DOPE),,,"R27,694",,(53.8)%,,100.0%,,0.0,,,,,
MINERAL WATER (FLAVOURED),DOPE (DOPE),DOPE CARBONATED GRAPEFRUIT 300 ML 1,,"R25,310",,(5.8)%,,100.0%,,0.0,,,,,
MINERAL WATER (FLAVOURED),DOPE (DOPE),DOPE CARBONATED PINEAPPLE 300 ML 1,,R368,,(98.9)%,,100.0%,,0.0,,,,,
MINERAL WATER (FLAVOURED),DOPE (DOPE),DOPE CARBONATED PINEAPPLE 330 ML 1,,"R1,110",,,,100.0%,,100.0,,,,,
MINERAL WATER (FLAVOURED),DOPE (DOPE),DOPE CARBONATED WATERMELON 300 ML 6,,,,(100.0)%,,,,(100.0),,,,,
MINERAL WATER (FLAVOURED),DOPE (DOPE),DOPE CARBONATED WATERMELON 330 ML 1,,R907,,,,100.0%,,100.0,,,,,
MINERAL WATER (FLAVOURED),ELEMENT (ELEMENTS),,,"R3,784",,11.0%,,100.0%,,0.0,,,,,
MINERAL WATER (FLAVOURED),ELEMENT (ELEMENTS),ELEMENT NOT CARBONATED ARCTIC ICE 500 ML 1,,R485,,(77.0)%,,100.0%,,0.0,,,,,
MINERAL WATER (FLAVOURED),ELEMENT (ELEMENTS),ELEMENT NOT CARBONATED BLACKCURRANT 500 ML 1,,"R3,298",,154.7%,,100.0%,,0.0,,,,,
MINERAL WATER (FLAVOURED),FOOTYS (FOOTYS),,,,,(100.0)%,,,,(100.0),,,,,
MINERAL WATER (FLAVOURED),FOOTYS (FOOTYS),FOOTYS NOT CARBONATED STRAWBERRY 425 ML 1,,,,(100.0)%,,,,(100.0),,,,,
MINERAL WATER (FLAVOURED),GLACEAU VITAMINWATER,GLACEAU VITAMINWATER NOT CARBONATED ACAI & BLUEBERRY & POMEGRANATE 500 ML 1,,"R267,097",,(18.1)%,,100.0%,,0.0,,,,,
MINERAL WATER (FLAVOURED),GLACEAU VITAMINWATER,GLACEAU VITAMINWATER NOT CARBONATED KIWI & STRAWBERRY 500 ML 1,,"R21,578",,138.8%,,100.0%,,0.0,,,,,
MINERAL WATER (FLAVOURED),GLACEAU VITAMINWATER,GLACEAU VITAMINWATER NOT CARBONATED ORANGE 500 ML 1,,"R464,986",(100.0)%,(13.2)%,,100.0%,(0.0),0.0,,,,,
MINERAL WATER (FLAVOURED),GLACEAU VITAMINWATER,GLACEAU VITAMINWATER NOT CARBONATED TROPICAL CITRUS 500 ML 1,,"R10,864",,"1,548.8%",,100.0%,,0.0,,,,,
MINERAL WATER (FLAVOURED),GOODLEAF,,,"R1,775",,(92.6)%,,100.0%,,0.0,,,,,
MINERAL WATER (FLAVOURED),GOODLEAF,GOODLEAF CARBONATED BERRY & HIBISCUS 300 ML 1,,"R1,775",,(92.6)%,,100.0%,,0.0,,,,,
MINERAL WATER (FLAVOURED),H2GLO,,,"R33,512",,(24.2)%,,100.0%,,0.0,,,,,
MINERAL WATER (FLAVOURED),H2GLO,H2GLO CARBONATED BLUEBERRY 500 ML 1,,"R4,440",,71.9%,,100.0%,,0.0,,,,,
MINERAL WATER (FLAVOURED),H2GLO,H2GLO CARBONATED LEMON 500 ML 1,,"R2,553",,(38.0)%,,100.0%,,0.0,,,,,
MINERAL WATER (FLAVOURED),H2GLO,H2GLO CARBONATED NAARTJIE 500 ML 1,,"R1,996",,(9.4)%,,100.0%,,0.0,,,,,
MINERAL WATER (FLAVOURED),H2GLO,H2GLO CARBONATED PASSION FRUIT 500 ML 1,,"R11,163",,(31.3)%,,100.0%,,0.0,,,,,
MINERAL WATER (FLAVOURED),H2GLO,H2GLO CARBONATED PINEAPPLE 500 ML 1,,"R1,172",,(15.0)%,,100.0%,,0.0,,,,,
MINERAL WATER (FLAVOURED),H2GLO,H2GLO CARBONATED STRAWBERRY 500 ML 1,,"R12,188",,(31.1)%,,100.0%,,0.0,,,,,
MINERAL WATER (FLAVOURED),HENTIES,,,"R17,844",,201.7%,,100.0%,,0.0,,,,,
MINERAL WATER (FLAVOURED),HENTIES,HENTIES CARBONATED LEMON & LIME 500 ML 1,,"R3,666",,143.3%,,100.0%,,0.0,,,,,
MINERAL WATER (FLAVOURED),HENTIES,HENTIES CARBONATED PASSION FRUIT 500 ML 1,,"R5,141",,272.1%,,100.0%,,0.0,,,,,
MINERAL WATER (FLAVOURED),HENTIES,HENTIES CARBONATED PINEAPPLE 500 ML 1,,"R3,019",,97.9%,,100.0%,,0.0,,,,,
MINERAL WATER (FLAVOURED),HENTIES,HENTIES CARBONATED STRAWBERRY 500 ML 1,,"R6,018",,301.0%,,100.0%,,0.0,,,,,
MINERAL WATER (FLAVOURED),JUST WATER (JUST GOODS),JUST WATER CARBONATED APPLE 500 ML 1,,"R1,223",,69.8%,,100.0%,,0.0,,,,,
MINERAL WATER (FLAVOURED),JUST WATER (JUST GOODS),JUST WATER CARBONATED BLACKCURRANT 500 ML 1,,,(100.0)%,(100.0)%,,,(100.0),(100.0),,,,,
MINERAL WATER (FLAVOURED),JUST WATER (JUST GOODS),JUST WATER CARBONATED CHERRY 500 ML 1,,R930,(100.0)%,(38.9)%,,100.0%,(77.3),0.0,,,,,
MINERAL WATER (FLAVOURED),JUST WATER (JUST GOODS),JUST WATER CARBONATED LEMON & LIME 500 ML 1,,R735,(100.0)%,(55.4)%,,100.0%,(83.6),0.0,,,,,
MINERAL WATER (FLAVOURED),JUST WATER (JUST GOODS),JUST WATER CARBONATED LITCHI 500 ML 1,,R998,,15.7%,,100.0%,,0.0,,,,,
MINERAL WATER (FLAVOURED),JUST WATER (JUST GOODS),JUST WATER CARBONATED NAARTJIE 500 ML 1,,R345,,(53.5)%,,100.0%,,0.0,,,,,
MINERAL WATER (FLAVOURED),JUST WATER (JUST GOODS),JUST WATER CARBONATED STRAWBERRY 500 ML 1,,"R1,200",(100.0)%,(39.6)%,,100.0%,(57.0),0.0,,,,,
MINERAL WATER (FLAVOURED),LUNAR WATER,,,"R1,496",,,,100.0%,,100.0,,,,,
MINERAL WATER (FLAVOURED),LUNAR WATER,LUNAR WATER NOT CARBONATED APPLE & PEAR 330 ML 1,,R523,,,,100.0%,,100.0,,,,,
MINERAL WATER (FLAVOURED),LUNAR WATER,LUNAR WATER NOT CARBONATED TROPICAL 330 ML 1,,R751,,,,100.0%,,100.0,,,,,
MINERAL WATER (FLAVOURED),LUNAR WATER,LUNAR WATER NOT CARBONATED WILD BERRY 330 ML 1,,R221,,,,100.0%,,100.0,,,,,
MINERAL WATER (FLAVOURED),NOVEL (NOVEL),,,"R4,127",,,,100.0%,,100.0,,,,,
MINERAL WATER (FLAVOURED),NOVEL (NOVEL),NOVEL NOT CARBONATED BERRY 500 ML 1,,R839,,,,100.0%,,100.0,,,,,
MINERAL WATER (FLAVOURED),NOVEL (NOVEL),NOVEL NOT CARBONATED KIWI 500 ML 1,,R560,,,,100.0%,,100.0,,,,,
MINERAL WATER (FLAVOURED),NOVEL (NOVEL),NOVEL NOT CARBONATED LEMON & LIME 500 ML 1,,R630,,,,100.0%,,100.0,,,,,
MINERAL WATER (FLAVOURED),NOVEL (NOVEL),NOVEL NOT CARBONATED LITCHI 500 ML 1,,R532,,,,100.0%,,100.0,,,,,
MINERAL WATER (FLAVOURED),NOVEL (NOVEL),NOVEL NOT CARBONATED NAARTJIE 500 ML 1,,R741,,,,100.0%,,100.0,,,,,
MINERAL WATER (FLAVOURED),NOVEL (NOVEL),NOVEL NOT CARBONATED STRAWBERRY 500 ML 1,,R825,,,,100.0%,,100.0,,,,,
MINERAL WATER (FLAVOURED),OASIS (OASIS WATER),OASIS CARBONATED LEMON & LIME 330 ML 1,,"R48,200",,76.3%,,100.0%,,0.0,,,,,
MINERAL WATER (FLAVOURED),OASIS (OASIS WATER),OASIS CARBONATED PINEAPPLE & COCONUT 500 ML 1,,"R1,952",,(40.1)%,,100.0%,,0.0,,,,,
MINERAL WATER (FLAVOURED),OASIS (OASIS WATER),OASIS CARBONATED STRAWBERRY 330 ML 1,,R555,,,,100.0%,,100.0,,,,,
MINERAL WATER (FLAVOURED),OCEAN BOMB (Y.H.B. HONORABLE),,,"R4,721",,80.7%,,100.0%,,0.0,,,,,
MINERAL WATER (FLAVOURED),OCEAN BOMB (Y.H.B. HONORABLE),OCEAN BOMB CARBONATED APPLE 330 ML 1,,"R1,811",,,,100.0%,,100.0,,,,,
MINERAL WATER (FLAVOURED),OCEAN BOMB (Y.H.B. HONORABLE),OCEAN BOMB CARBONATED ORANGE 330 ML 1,,R668,,(74.4)%,,100.0%,,0.0,,,,,
MINERAL WATER (FLAVOURED),OCEAN BOMB (Y.H.B. HONORABLE),OCEAN BOMB CARBONATED PEACH 330 ML 1,,R918,,,,100.0%,,100.0,,,,,
MINERAL WATER (FLAVOURED),OCEAN BOMB (Y.H.B. HONORABLE),OCEAN BOMB CARBONATED WHITE GRAPE 330 ML 1,,"R1,324",,,,100.0%,,100.0,,,,,
MINERAL WATER (FLAVOURED),OSHEE,OSHEE NOT CARBONATED LEMONADE 555 ML 1,,"R34,928",,,,100.0%,,100.0,,,,,
MINERAL WATER (FLAVOURED),PRIVATE LABEL,,,"R865,054",,(11.3)%,,100.0%,,0.0,,,,,
MINERAL WATER (FLAVOURED),PURE CURE,,,"R14,544",,519.9%,,100.0%,,0.0,,,,,
MINERAL WATER (FLAVOURED),PURE CURE,PURE CURE NOT CARBONATED DURBAN POISON 500 ML 1,,"R6,883",,665.2%,,100.0%,,0.0,,,,,
MINERAL WATER (FLAVOURED),PURE CURE,PURE CURE NOT CARBONATED KUSH MOUNTAIN 500 ML 1,,"R4,686",,223.9%,,100.0%,,0.0,,,,,
MINERAL WATER (FLAVOURED),PURE CURE,PURE CURE NOT CARBONATED LEMON & LIME 500 ML 1,,"R2,975",,,,100.0%,,100.0,,,,,
MINERAL WATER (FLAVOURED),REFRESHHH,,,,,(100.0)%,,,,(100.0),,,,,
MINERAL WATER (FLAVOURED),REFRESHHH,REFRESHHH CARBONATED NAARTJIE 2000 ML 1,,,,(100.0)%,,,,(100.0),,,,,
MINERAL WATER (FLAVOURED),SAN PELLEGRINO (NESTLE / SAN PELLEGRINO),,,"R1,502",,39.7%,,100.0%,,0.0,,,,,
MINERAL WATER (FLAVOURED),SAN PELLEGRINO (NESTLE / SAN PELLEGRINO),SAN PELLEGRINO CARBONATED LEMON & LEMON ZEST 330 ML 1,,"R1,502",,39.7%,,100.0%,,0.0,,,,,
MINERAL WATER (FLAVOURED),SELTZER (SELTZER DRINKS),SELTZER CARBONATED APPLE & MINT 500 ML 1,,R469,,(81.5)%,,100.0%,,0.0,,,,,
MINERAL WATER (FLAVOURED),SELTZER (SELTZER DRINKS),SELTZER CARBONATED LEMON & LIME 1500 ML 1,,"R2,336",,(21.9)%,,100.0%,,0.0,,,,,
MINERAL WATER (FLAVOURED),SELTZER (SELTZER DRINKS),SELTZER CARBONATED WATERMELON & MIXED BERRY 500 ML 1,,"R9,034",,(20.9)%,,100.0%,,0.0,,,,,
MINERAL WATER (FLAVOURED),SELTZER (SELTZER),,,"R3,493",,(4.5)%,,100.0%,,0.0,,,,,
MINERAL WATER (FLAVOURED),SELTZER (SELTZER),SELTZER CARBONATED MANGO & APPLE 500 ML 1,,"R3,493",,(4.5)%,,100.0%,,0.0,,,,,
MINERAL WATER (FLAVOURED),SPARKLING ICE (TALKING RAIN BEVERAGE),SPARKLING ICE CARBONATED CHERRY LIMEADE 502.80 ML 1,,"R2,862",,(46.7)%,,100.0%,,0.0,,,,,
MINERAL WATER (FLAVOURED),SPARKLING ICE (TALKING RAIN BEVERAGE),SPARKLING ICE CARBONATED CLASSIC LEMONADE 503 ML 1,,R72,,(83.3)%,,100.0%,,0.0,,,,,
MINERAL WATER (FLAVOURED),SPARKLING ICE (TALKING RAIN BEVERAGE),SPARKLING ICE CARBONATED FRUIT PUNCH 502.8 ML 1,,R105,,(97.6)%,,100.0%,,0.0,,,,,
MINERAL WATER (FLAVOURED),SPARKLING ICE (TALKING RAIN BEVERAGE),SPARKLING ICE CARBONATED GRAPE & RASPBERRY 502.80 ML 1,,"R4,381",,(8.5)%,,100.0%,,0.0,,,,,
MINERAL WATER (FLAVOURED),SPARKLING ICE (TALKING RAIN BEVERAGE),SPARKLING ICE CARBONATED KIWI & STRAWBERRY 502.8 ML 1,,"R11,247",,24.5%,,100.0%,,0.0,,,,,
MINERAL WATER (FLAVOURED),SPARKLING ICE (TALKING RAIN BEVERAGE),SPARKLING ICE CARBONATED PINK GRAPEFRUIT 502.80 ML 1,,"R3,879",,(43.1)%,,100.0%,,0.0,,,,,
MINERAL WATER (FLAVOURED),SPARKLING ICE (TALKING RAIN BEVERAGE),SPARKLING ICE CARBONATED POMEGRANATE & BLUEBERRY 502.80 ML 1,,,,(100.0)%,,,,(100.0),,,,,
MINERAL WATER (FLAVOURED),SPARKLING ICE (TALKING RAIN BEVERAGE),SPARKLING ICE CARBONATED STRAWBERRY & LEMONADE 502.8 ML 12,,"R1,012",,(71.5)%,,100.0%,,0.0,,,,,
MINERAL WATER (FLAVOURED),SPICE MECCA,,,R180,,(11.8)%,,100.0%,,0.0,,,,,
MINERAL WATER (FLAVOURED),SPICE MECCA,SPICE MECCA NOT CARBONATED ROSE 350 ML 1,,R180,,(11.8)%,,100.0%,,0.0,,,,,
MINERAL WATER (FLAVOURED),TAJ MAHAL (OSMANS),,,,,(100.0)%,,,,(100.0),,,,,
MINERAL WATER (FLAVOURED),TAJ MAHAL (OSMANS),TAJ MAHAL NOT CARBONATED ROSE 200 ML 1,,,,(100.0)%,,,,(100.0),,,,,
MINERAL WATER (FLAVOURED),THIRSTI,THIRSTI CARBONATED APPLE 500 ML 1,,"R453,819",,214.9%,,100.0%,,0.0,,,,,
MINERAL WATER (FLAVOURED),THIRSTI,THIRSTI CARBONATED APPLE 500 ML 6,,R128,,,,100.0%,,100.0,,,,,
MINERAL WATER (FLAVOURED),THIRSTI,THIRSTI CARBONATED BERRY 1500 ML 1,,"R29,467",,465.6%,,100.0%,,0.0,,,,,
MINERAL WATER (FLAVOURED),THIRSTI,THIRSTI CARBONATED BERRY 500 ML 6,,R227,,,,100.0%,,100.0,,,,,
MINERAL WATER (FLAVOURED),THIRSTI,THIRSTI CARBONATED CUCUMBER & LIME 500 ML 1,,"R449,393",,230.6%,,100.0%,,0.0,,,,,
MINERAL WATER (FLAVOURED),THIRSTI,THIRSTI CARBONATED CUCUMBER & LIME 500 ML 6,,R454,,,,100.0%,,100.0,,,,,
MINERAL WATER (FLAVOURED),THIRSTI,THIRSTI CARBONATED GRANADILLA 1500 ML 1,,"R8,699",,60.5%,,100.0%,,0.0,,,,,
MINERAL WATER (FLAVOURED),THIRSTI,THIRSTI CARBONATED LEMON 1500 ML 1,,"R28,237",,841.1%,,100.0%,,0.0,,,,,
MINERAL WATER (FLAVOURED),THIRSTI,THIRSTI CARBONATED LITCHI 1500 ML 1,,"R27,108",,531.6%,,100.0%,,0.0,,,,,
MINERAL WATER (FLAVOURED),THIRSTI,THIRSTI CARBONATED LITCHI 500 ML 6,,R163,,,,100.0%,,100.0,,,,,
MINERAL WATER (FLAVOURED),THIRSTI,THIRSTI CARBONATED NAARTJIE 1500 ML 1,,"R37,482",,269.9%,,100.0%,,0.0,,,,,
MINERAL WATER (FLAVOURED),THIRSTI,THIRSTI CARBONATED NAARTJIE 500 ML 1,,"R370,490",,241.3%,,100.0%,,0.0,,,,,
MINERAL WATER (FLAVOURED),THIRSTI,THIRSTI CARBONATED NAARTJIE 500 ML 6,,R163,,,,100.0%,,100.0,,,,,
MINERAL WATER (FLAVOURED),THIRSTI,THIRSTI CARBONATED PINEAPPLE 1500 ML 1,,"R24,230",,408.2%,,100.0%,,0.0,,,,,
MINERAL WATER (FLAVOURED),THIRSTI,THIRSTI CARBONATED PINEAPPLE 500 ML 1,,"R280,131",,273.4%,,100.0%,,0.0,,,,,
MINERAL WATER (FLAVOURED),THIRSTI,THIRSTI CARBONATED STRAWBERRY 500 ML 1,,"R38,367",,204.3%,,100.0%,,0.0,,,,,
MINERAL WATER (FLAVOURED),TOOTI FRUTI,,,,,(100.0)%,,,,(100.0),,,,,
MINERAL WATER (FLAVOURED),TOOTI FRUTI,TOOTI FRUTI CARBONATED MARULA 500 ML 1,,,,(100.0)%,,,,(100.0),,,,,
MINERAL WATER (FLAVOURED),TSITSIKAMMA CRYSTAL,TSITSIKAMMA CRYSTAL CARBONATED APPLE 500 ML 1,,"R26,341",,0.8%,,100.0%,,0.0,,,,,
MINERAL WATER (FLAVOURED),TSITSIKAMMA CRYSTAL,TSITSIKAMMA CRYSTAL CARBONATED LEMON 1500 ML 1,,,,(100.0)%,,,,(100.0),,,,,
MINERAL WATER (FLAVOURED),TSITSIKAMMA CRYSTAL,TSITSIKAMMA CRYSTAL CARBONATED NAARTJIE 1500 ML 1,,,,(100.0)%,,,,(100.0),,,,,
MINERAL WATER (FLAVOURED),TSITSIKAMMA CRYSTAL,TSITSIKAMMA CRYSTAL CARBONATED PINEAPPLE 500 ML 1,,"R19,965",,49.7%,,100.0%,,0.0,,,,,
MINERAL WATER (FLAVOURED),TURBOVITE,TURBOVITE CARBONATED LITCHI 500 ML 1,,"R15,060",(100.0)%,(15.5)%,,100.0%,(5.7),0.0,,,,,
MINERAL WATER (FLAVOURED),VOSS (VOSS),,,"R6,968",,197.8%,,100.0%,,0.0,,,,,
MINERAL WATER (FLAVOURED),VOSS (VOSS),VOSS CARBONATED LEMON & CUCUMBER 375 ML 1,,"R2,932",,,,100.0%,,100.0,,,,,
MINERAL WATER (FLAVOURED),VOSS (VOSS),VOSS CARBONATED LIME & MINT 375 ML 1,,R390,,(83.3)%,,100.0%,,0.0,,,,,
MINERAL WATER (FLAVOURED),VOSS (VOSS),VOSS CARBONATED TANGERINE & LEMONGRASS 375 ML 1,,"R3,647",,,,100.0%,,100.0,,,,,
MINERAL WATER (FLAVOURED),WATERBERG,WATERBERG CARBONATED GRAPE 500 ML 1,,"R14,816",,(12.2)%,,100.0%,,0.0,,,,,
MINERAL WATER (FLAVOURED),WATERBERG,WATERBERG CARBONATED LEMON & LIME 1000 ML 1,,"R19,194",,(17.6)%,,100.0%,,0.0,,,,,
MINERAL WATER (FLAVOURED),WATERBERG,WATERBERG CARBONATED LITCHI 500 ML 1,,R411,,(93.5)%,,100.0%,,0.0,,,,,
MINERAL WATER (FLAVOURED),WATERBERG,WATERBERG CARBONATED MARULA 500 ML 1,,,,(100.0)%,,,,(100.0),,,,,
MINERAL WATER (FLAVOURED),WATERBERG,WATERBERG CARBONATED NAARTJIE 1000 ML 1,,R558,,(60.2)%,,100.0%,,0.0,,,,,
MINERAL WATER (FLAVOURED),WATERBERG,WATERBERG CARBONATED SPRITZER APPLE 500 ML 1,,"R6,182",,(29.3)%,,100.0%,,0.0,,,,,
MINERAL WATER (FLAVOURED),ZUCCI VITAWATER,,,"R39,818",,(14.6)%,,100.0%,,0.0,,,,,
MINERAL WATER (FLAVOURED),ZUCCI VITAWATER,ZUCCI VITAWATER NOT CARBONATED APPLE & LEMON 600 ML 1,,R552,,(65.7)%,,100.0%,,0.0,,,,,
MINERAL WATER (FLAVOURED),ZUCCI VITAWATER,ZUCCI VITAWATER NOT CARBONATED GOJI BLACKBERRY 600 ML 1,,"R12,437",,(42.3)%,,100.0%,,0.0,,,,,
MINERAL WATER (FLAVOURED),ZUCCI VITAWATER,ZUCCI VITAWATER NOT CARBONATED ORANGE & TANGELO 600 ML 1,,"R10,281",,25.9%,,100.0%,,0.0,,,,,
MINERAL WATER (FLAVOURED),ZUCCI VITAWATER,ZUCCI VITAWATER NOT CARBONATED STRAWBERRY & CHERRY 600 ML 1,,"R16,548",,7.9%,,100.0%,,0.0,,,,,
,,,,,,,,,,,,,,,
,,,,,,,,,,,,,,,
"Exported: Nov 14, 2024",,,,,,,,,,,,,,,
Dataset: NielsenIQ Retail Measurement | RA - ENGEN - Composite Market   | Entire Dataset ,,,,,,,,,,,,,,,
Copyright © 2024 Nielsen Consumer LLC. All Rights Reserved.,,,,,,,,,,,,,,,
Terms & Conditions,,,,,,,,,,,,,,,